method,metric,mean,standard_deviation,evaluation_split,aggregation_definition,folds,seeds,source_commit
TIDE,MinMaxNormalized_CCC,0.1338065578451772,0.011161809049338,outer_test,window -> subject-trial arithmetic mean -> five-fold pooled mean per seed -> three-seed mean and sample SD,0;1;2;3;4,17;42;97,e7ad79fe6ad5b5884ccb5d60d35891ef7d308976
TIDE,LagSRCC,0.1405574862070664,0.0122236607957743,outer_test,window -> subject-trial arithmetic mean -> five-fold pooled mean per seed -> three-seed mean and sample SD,0;1;2;3;4,17;42;97,e7ad79fe6ad5b5884ccb5d60d35891ef7d308976
TIDE,LagPCC,0.1550604922799673,0.0134733037001389,outer_test,window -> subject-trial arithmetic mean -> five-fold pooled mean per seed -> three-seed mean and sample SD,0;1;2;3;4,17;42;97,e7ad79fe6ad5b5884ccb5d60d35891ef7d308976
TIDE,BoundedLag_NCC,0.2439350639485139,0.0097782927463059,outer_test,window -> subject-trial arithmetic mean -> five-fold pooled mean per seed -> three-seed mean and sample SD,0;1;2;3;4,17;42;97,e7ad79fe6ad5b5884ccb5d60d35891ef7d308976
TIDE,Unbiased_Distance_Correlation,0.3507771450086506,0.0200894766950206,outer_test,window -> subject-trial arithmetic mean -> five-fold pooled mean per seed -> three-seed mean and sample SD,0;1;2;3;4,17;42;97,e7ad79fe6ad5b5884ccb5d60d35891ef7d308976
TIDE,FisherZ_PCC,0.3411868010446571,0.0223439583278937,outer_test,window -> subject-trial arithmetic mean -> five-fold pooled mean per seed -> three-seed mean and sample SD,0;1;2;3;4,17;42;97,e7ad79fe6ad5b5884ccb5d60d35891ef7d308976
EMOD scratch,MinMaxNormalized_CCC,0.0030027352907607,0.0019546832829694,outer_test,window -> subject-trial arithmetic mean -> five-fold pooled mean per seed -> three-seed mean and sample SD,0;1;2;3;4,17;42;97,9455b7b67cdf3829316a276deae37f6832efd85f
EMOD scratch,LagSRCC,0.0009683484597056,0.0023041804340055,outer_test,window -> subject-trial arithmetic mean -> five-fold pooled mean per seed -> three-seed mean and sample SD,0;1;2;3;4,17;42;97,9455b7b67cdf3829316a276deae37f6832efd85f
EMOD scratch,LagPCC,0.0012297766023815,0.0020649059778207,outer_test,window -> subject-trial arithmetic mean -> five-fold pooled mean per seed -> three-seed mean and sample SD,0;1;2;3;4,17;42;97,9455b7b67cdf3829316a276deae37f6832efd85f
EMOD scratch,BoundedLag_NCC,0.1269443106436688,0.0027375898977101,outer_test,window -> subject-trial arithmetic mean -> five-fold pooled mean per seed -> three-seed mean and sample SD,0;1;2;3;4,17;42;97,9455b7b67cdf3829316a276deae37f6832efd85f
EMOD scratch,Unbiased_Distance_Correlation,0.0895532499734266,0.004221460603444,outer_test,window -> subject-trial arithmetic mean -> five-fold pooled mean per seed -> three-seed mean and sample SD,0;1;2;3;4,17;42;97,9455b7b67cdf3829316a276deae37f6832efd85f
EMOD scratch,FisherZ_PCC,0.0059460247060319,0.0046441977953281,outer_test,window -> subject-trial arithmetic mean -> five-fold pooled mean per seed -> three-seed mean and sample SD,0;1;2;3;4,17;42;97,9455b7b67cdf3829316a276deae37f6832efd85f
EMOD pretrained finetune,MinMaxNormalized_CCC,0.0023007301378019,0.0001769950517234,outer_test,window -> subject-trial arithmetic mean -> five-fold pooled mean per seed -> three-seed mean and sample SD,0;1;2;3;4,17;42;97,9455b7b67cdf3829316a276deae37f6832efd85f
EMOD pretrained finetune,LagSRCC,0.0005002936940123,0.0004821857311035,outer_test,window -> subject-trial arithmetic mean -> five-fold pooled mean per seed -> three-seed mean and sample SD,0;1;2;3;4,17;42;97,9455b7b67cdf3829316a276deae37f6832efd85f
EMOD pretrained finetune,LagPCC,0.0006001396889337,0.0007112179054995,outer_test,window -> subject-trial arithmetic mean -> five-fold pooled mean per seed -> three-seed mean and sample SD,0;1;2;3;4,17;42;97,9455b7b67cdf3829316a276deae37f6832efd85f
EMOD pretrained finetune,BoundedLag_NCC,0.1248655226670405,0.000551515120471,outer_test,window -> subject-trial arithmetic mean -> five-fold pooled mean per seed -> three-seed mean and sample SD,0;1;2;3;4,17;42;97,9455b7b67cdf3829316a276deae37f6832efd85f
EMOD pretrained finetune,Unbiased_Distance_Correlation,0.0838242401402747,0.0008093752567753,outer_test,window -> subject-trial arithmetic mean -> five-fold pooled mean per seed -> three-seed mean and sample SD,0;1;2;3;4,17;42;97,9455b7b67cdf3829316a276deae37f6832efd85f
EMOD pretrained finetune,FisherZ_PCC,0.0040440111396745,0.0015823978100498,outer_test,window -> subject-trial arithmetic mean -> five-fold pooled mean per seed -> three-seed mean and sample SD,0;1;2;3;4,17;42;97,9455b7b67cdf3829316a276deae37f6832efd85f
EEGNet,MinMaxNormalized_CCC,0.0012537075705169,0.0019171793604813,outer_test,window -> subject-trial arithmetic mean -> five-fold pooled mean per seed -> three-seed mean and sample SD,0;1;2;3;4,17;42;97,9455b7b67cdf3829316a276deae37f6832efd85f
EEGNet,LagSRCC,0.000768302859599,0.0032759237740116,outer_test,window -> subject-trial arithmetic mean -> five-fold pooled mean per seed -> three-seed mean and sample SD,0;1;2;3;4,17;42;97,9455b7b67cdf3829316a276deae37f6832efd85f
EEGNet,LagPCC,0.0008360720340341,0.0030677086320359,outer_test,window -> subject-trial arithmetic mean -> five-fold pooled mean per seed -> three-seed mean and sample SD,0;1;2;3;4,17;42;97,9455b7b67cdf3829316a276deae37f6832efd85f
EEGNet,BoundedLag_NCC,0.122944918005253,0.002275376225606,outer_test,window -> subject-trial arithmetic mean -> five-fold pooled mean per seed -> three-seed mean and sample SD,0;1;2;3;4,17;42;97,9455b7b67cdf3829316a276deae37f6832efd85f
EEGNet,Unbiased_Distance_Correlation,0.068594720975103,0.0035537303127113,outer_test,window -> subject-trial arithmetic mean -> five-fold pooled mean per seed -> three-seed mean and sample SD,0;1;2;3;4,17;42;97,9455b7b67cdf3829316a276deae37f6832efd85f
EEGNet,FisherZ_PCC,0.003625916439846,0.0028779015115122,outer_test,window -> subject-trial arithmetic mean -> five-fold pooled mean per seed -> three-seed mean and sample SD,0;1;2;3;4,17;42;97,9455b7b67cdf3829316a276deae37f6832efd85f
EmT,MinMaxNormalized_CCC,0.0051426169574262,0.0024764251636881,outer_test,window -> subject-trial arithmetic mean -> five-fold pooled mean per seed -> three-seed mean and sample SD,0;1;2;3;4,17;42;97,9455b7b67cdf3829316a276deae37f6832efd85f
EmT,LagSRCC,0.0053698228265601,0.0024370586311425,outer_test,window -> subject-trial arithmetic mean -> five-fold pooled mean per seed -> three-seed mean and sample SD,0;1;2;3;4,17;42;97,9455b7b67cdf3829316a276deae37f6832efd85f
EmT,LagPCC,0.0071534802425909,0.0021220953896331,outer_test,window -> subject-trial arithmetic mean -> five-fold pooled mean per seed -> three-seed mean and sample SD,0;1;2;3;4,17;42;97,9455b7b67cdf3829316a276deae37f6832efd85f
EmT,BoundedLag_NCC,0.1326785657480391,0.0036918142762229,outer_test,window -> subject-trial arithmetic mean -> five-fold pooled mean per seed -> three-seed mean and sample SD,0;1;2;3;4,17;42;97,9455b7b67cdf3829316a276deae37f6832efd85f
EmT,Unbiased_Distance_Correlation,0.0882067980033922,0.0015881093951745,outer_test,window -> subject-trial arithmetic mean -> five-fold pooled mean per seed -> three-seed mean and sample SD,0;1;2;3;4,17;42;97,9455b7b67cdf3829316a276deae37f6832efd85f
EmT,FisherZ_PCC,0.003664719173673,0.0051895629926465,outer_test,window -> subject-trial arithmetic mean -> five-fold pooled mean per seed -> three-seed mean and sample SD,0;1;2;3;4,17;42;97,9455b7b67cdf3829316a276deae37f6832efd85f
TSception,MinMaxNormalized_CCC,0.0009785828449073,0.0005862052357736,outer_test,window -> subject-trial arithmetic mean -> five-fold pooled mean per seed -> three-seed mean and sample SD,0;1;2;3;4,17;42;97,9455b7b67cdf3829316a276deae37f6832efd85f
TSception,LagSRCC,0.0009301361432689,0.0004215813582789,outer_test,window -> subject-trial arithmetic mean -> five-fold pooled mean per seed -> three-seed mean and sample SD,0;1;2;3;4,17;42;97,9455b7b67cdf3829316a276deae37f6832efd85f
TSception,LagPCC,0.0008494229362831,0.0002296200328901,outer_test,window -> subject-trial arithmetic mean -> five-fold pooled mean per seed -> three-seed mean and sample SD,0;1;2;3;4,17;42;97,9455b7b67cdf3829316a276deae37f6832efd85f
TSception,BoundedLag_NCC,0.1242309841638836,0.001062377084626,outer_test,window -> subject-trial arithmetic mean -> five-fold pooled mean per seed -> three-seed mean and sample SD,0;1;2;3;4,17;42;97,9455b7b67cdf3829316a276deae37f6832efd85f
TSception,Unbiased_Distance_Correlation,0.0767479607118911,0.0015830509174754,outer_test,window -> subject-trial arithmetic mean -> five-fold pooled mean per seed -> three-seed mean and sample SD,0;1;2;3;4,17;42;97,9455b7b67cdf3829316a276deae37f6832efd85f
TSception,FisherZ_PCC,0.0049069113917489,0.0016532698129812,outer_test,window -> subject-trial arithmetic mean -> five-fold pooled mean per seed -> three-seed mean and sample SD,0;1;2;3;4,17;42;97,9455b7b67cdf3829316a276deae37f6832efd85f
EEG Deformer,MinMaxNormalized_CCC,0.0027783358398531,0.0013690214308804,outer_test,window -> subject-trial arithmetic mean -> five-fold pooled mean per seed -> three-seed mean and sample SD,0;1;2;3;4,17;42;97,9455b7b67cdf3829316a276deae37f6832efd85f
EEG Deformer,LagSRCC,0.0019108912845454,0.0025659263916722,outer_test,window -> subject-trial arithmetic mean -> five-fold pooled mean per seed -> three-seed mean and sample SD,0;1;2;3;4,17;42;97,9455b7b67cdf3829316a276deae37f6832efd85f
EEG Deformer,LagPCC,0.0026098823797689,0.0024170194036423,outer_test,window -> subject-trial arithmetic mean -> five-fold pooled mean per seed -> three-seed mean and sample SD,0;1;2;3;4,17;42;97,9455b7b67cdf3829316a276deae37f6832efd85f
EEG Deformer,BoundedLag_NCC,0.1253752728245915,0.0026867140196872,outer_test,window -> subject-trial arithmetic mean -> five-fold pooled mean per seed -> three-seed mean and sample SD,0;1;2;3;4,17;42;97,9455b7b67cdf3829316a276deae37f6832efd85f
EEG Deformer,Unbiased_Distance_Correlation,0.0755849854840344,0.0041533582285219,outer_test,window -> subject-trial arithmetic mean -> five-fold pooled mean per seed -> three-seed mean and sample SD,0;1;2;3;4,17;42;97,9455b7b67cdf3829316a276deae37f6832efd85f
EEG Deformer,FisherZ_PCC,0.0063010879832701,0.0020250834866546,outer_test,window -> subject-trial arithmetic mean -> five-fold pooled mean per seed -> three-seed mean and sample SD,0;1;2;3;4,17;42;97,9455b7b67cdf3829316a276deae37f6832efd85f
CBraMod scratch,MinMaxNormalized_CCC,0.0009459059004122,0.0005359830596947,outer_test,window -> subject-trial arithmetic mean -> five-fold pooled mean per seed -> three-seed mean and sample SD,0;1;2;3;4,17;42;97,9455b7b67cdf3829316a276deae37f6832efd85f
CBraMod scratch,LagSRCC,0.0004123720622084,0.0024664565254523,outer_test,window -> subject-trial arithmetic mean -> five-fold pooled mean per seed -> three-seed mean and sample SD,0;1;2;3;4,17;42;97,9455b7b67cdf3829316a276deae37f6832efd85f
CBraMod scratch,LagPCC,0.0002325537170806,0.0019110387121612,outer_test,window -> subject-trial arithmetic mean -> five-fold pooled mean per seed -> three-seed mean and sample SD,0;1;2;3;4,17;42;97,9455b7b67cdf3829316a276deae37f6832efd85f
CBraMod scratch,BoundedLag_NCC,0.1236366390691289,0.0011882454162861,outer_test,window -> subject-trial arithmetic mean -> five-fold pooled mean per seed -> three-seed mean and sample SD,0;1;2;3;4,17;42;97,9455b7b67cdf3829316a276deae37f6832efd85f
CBraMod scratch,Unbiased_Distance_Correlation,0.0734053952952615,0.0021471317683797,outer_test,window -> subject-trial arithmetic mean -> five-fold pooled mean per seed -> three-seed mean and sample SD,0;1;2;3;4,17;42;97,9455b7b67cdf3829316a276deae37f6832efd85f
CBraMod scratch,FisherZ_PCC,0.003053020556235,0.0009240958441446,outer_test,window -> subject-trial arithmetic mean -> five-fold pooled mean per seed -> three-seed mean and sample SD,0;1;2;3;4,17;42;97,9455b7b67cdf3829316a276deae37f6832efd85f
HeLo task adapted,MinMaxNormalized_CCC,0.000631235802015,0.0026033407026994,outer_test,window -> subject-trial arithmetic mean -> five-fold pooled mean per seed -> three-seed mean and sample SD,0;1;2;3;4,17;42;97,9455b7b67cdf3829316a276deae37f6832efd85f
HeLo task adapted,LagSRCC,0.0017667712312521,0.0026333249506419,outer_test,window -> subject-trial arithmetic mean -> five-fold pooled mean per seed -> three-seed mean and sample SD,0;1;2;3;4,17;42;97,9455b7b67cdf3829316a276deae37f6832efd85f
HeLo task adapted,LagPCC,0.001574786677781,0.0029928057158566,outer_test,window -> subject-trial arithmetic mean -> five-fold pooled mean per seed -> three-seed mean and sample SD,0;1;2;3;4,17;42;97,9455b7b67cdf3829316a276deae37f6832efd85f
HeLo task adapted,BoundedLag_NCC,0.1228189247996921,0.0023448375026042,outer_test,window -> subject-trial arithmetic mean -> five-fold pooled mean per seed -> three-seed mean and sample SD,0;1;2;3;4,17;42;97,9455b7b67cdf3829316a276deae37f6832efd85f
HeLo task adapted,Unbiased_Distance_Correlation,0.0663750361319023,0.0029990295315637,outer_test,window -> subject-trial arithmetic mean -> five-fold pooled mean per seed -> three-seed mean and sample SD,0;1;2;3;4,17;42;97,9455b7b67cdf3829316a276deae37f6832efd85f
HeLo task adapted,FisherZ_PCC,0.0001085322962366,0.0048186523562742,outer_test,window -> subject-trial arithmetic mean -> five-fold pooled mean per seed -> three-seed mean and sample SD,0;1;2;3;4,17;42;97,9455b7b67cdf3829316a276deae37f6832efd85f
w/o Causal Context Encoder,MinMaxNormalized_CCC,0.0070995375020798,0.0013307669069474,outer_test,window -> subject-trial arithmetic mean -> five-fold pooled mean per seed -> three-seed mean and sample SD,0;1;2;3;4,17;42;97,89cb5b7982f2f1ff02d100cfbdda0c1fb8472cf9
w/o Causal Context Encoder,LagSRCC,0.0080746147172269,0.0019419004032425,outer_test,window -> subject-trial arithmetic mean -> five-fold pooled mean per seed -> three-seed mean and sample SD,0;1;2;3;4,17;42;97,89cb5b7982f2f1ff02d100cfbdda0c1fb8472cf9
w/o Causal Context Encoder,LagPCC,0.0101380565285621,0.002012620164156,outer_test,window -> subject-trial arithmetic mean -> five-fold pooled mean per seed -> three-seed mean and sample SD,0;1;2;3;4,17;42;97,89cb5b7982f2f1ff02d100cfbdda0c1fb8472cf9
w/o Causal Context Encoder,BoundedLag_NCC,0.1331883429226491,0.0024819127088478,outer_test,window -> subject-trial arithmetic mean -> five-fold pooled mean per seed -> three-seed mean and sample SD,0;1;2;3;4,17;42;97,89cb5b7982f2f1ff02d100cfbdda0c1fb8472cf9
w/o Causal Context Encoder,Unbiased_Distance_Correlation,0.1104158886706335,0.0031996833800955,outer_test,window -> subject-trial arithmetic mean -> five-fold pooled mean per seed -> three-seed mean and sample SD,0;1;2;3;4,17;42;97,89cb5b7982f2f1ff02d100cfbdda0c1fb8472cf9
w/o Causal Context Encoder,FisherZ_PCC,0.014901910026978,0.0038554237315379,outer_test,window -> subject-trial arithmetic mean -> five-fold pooled mean per seed -> three-seed mean and sample SD,0;1;2;3;4,17;42;97,89cb5b7982f2f1ff02d100cfbdda0c1fb8472cf9
w/o Residual Decoder,MinMaxNormalized_CCC,0.1269180888992349,0.0071082491972166,outer_test,window -> subject-trial arithmetic mean -> five-fold pooled mean per seed -> three-seed mean and sample SD,0;1;2;3;4,17;42;97,89cb5b7982f2f1ff02d100cfbdda0c1fb8472cf9
w/o Residual Decoder,LagSRCC,0.1282583686342655,0.0108792767770623,outer_test,window -> subject-trial arithmetic mean -> five-fold pooled mean per seed -> three-seed mean and sample SD,0;1;2;3;4,17;42;97,89cb5b7982f2f1ff02d100cfbdda0c1fb8472cf9
w/o Residual Decoder,LagPCC,0.1469836103501253,0.010184169681823,outer_test,window -> subject-trial arithmetic mean -> five-fold pooled mean per seed -> three-seed mean and sample SD,0;1;2;3;4,17;42;97,89cb5b7982f2f1ff02d100cfbdda0c1fb8472cf9
w/o Residual Decoder,BoundedLag_NCC,0.2390887143801164,0.0083483314908944,outer_test,window -> subject-trial arithmetic mean -> five-fold pooled mean per seed -> three-seed mean and sample SD,0;1;2;3;4,17;42;97,89cb5b7982f2f1ff02d100cfbdda0c1fb8472cf9
w/o Residual Decoder,Unbiased_Distance_Correlation,0.3521297030115521,0.0028472559732254,outer_test,window -> subject-trial arithmetic mean -> five-fold pooled mean per seed -> three-seed mean and sample SD,0;1;2;3;4,17;42;97,89cb5b7982f2f1ff02d100cfbdda0c1fb8472cf9
w/o Residual Decoder,FisherZ_PCC,0.3271548575443632,0.0113382660279269,outer_test,window -> subject-trial arithmetic mean -> five-fold pooled mean per seed -> three-seed mean and sample SD,0;1;2;3;4,17;42;97,89cb5b7982f2f1ff02d100cfbdda0c1fb8472cf9
w/o Partial Target Guidance,MinMaxNormalized_CCC,0.0010371665572829,0.0030268739284017,outer_test,window -> subject-trial arithmetic mean -> five-fold pooled mean per seed -> three-seed mean and sample SD,0;1;2;3;4,17;42;97,89cb5b7982f2f1ff02d100cfbdda0c1fb8472cf9
w/o Partial Target Guidance,LagSRCC,0.0014495019750941,0.0045044291227613,outer_test,window -> subject-trial arithmetic mean -> five-fold pooled mean per seed -> three-seed mean and sample SD,0;1;2;3;4,17;42;97,89cb5b7982f2f1ff02d100cfbdda0c1fb8472cf9
w/o Partial Target Guidance,LagPCC,0.0010457195092768,0.0052775739372409,outer_test,window -> subject-trial arithmetic mean -> five-fold pooled mean per seed -> three-seed mean and sample SD,0;1;2;3;4,17;42;97,89cb5b7982f2f1ff02d100cfbdda0c1fb8472cf9
w/o Partial Target Guidance,BoundedLag_NCC,0.1309488030498338,0.0016709790842578,outer_test,window -> subject-trial arithmetic mean -> five-fold pooled mean per seed -> three-seed mean and sample SD,0;1;2;3;4,17;42;97,89cb5b7982f2f1ff02d100cfbdda0c1fb8472cf9
w/o Partial Target Guidance,Unbiased_Distance_Correlation,0.1327994411450564,0.0134787920586416,outer_test,window -> subject-trial arithmetic mean -> five-fold pooled mean per seed -> three-seed mean and sample SD,0;1;2;3;4,17;42;97,89cb5b7982f2f1ff02d100cfbdda0c1fb8472cf9
w/o Partial Target Guidance,FisherZ_PCC,0.0016311136465024,0.0065708982568366,outer_test,window -> subject-trial arithmetic mean -> five-fold pooled mean per seed -> three-seed mean and sample SD,0;1;2;3;4,17;42;97,89cb5b7982f2f1ff02d100cfbdda0c1fb8472cf9
w/o Adaptive Electrode Graph,MinMaxNormalized_CCC,0.1324605178986429,0.0106002890919765,outer_test,window -> subject-trial arithmetic mean -> five-fold pooled mean per seed -> three-seed mean and sample SD,0;1;2;3;4,17;42;97,89cb5b7982f2f1ff02d100cfbdda0c1fb8472cf9
w/o Adaptive Electrode Graph,LagSRCC,0.139163617357756,0.0115542531777999,outer_test,window -> subject-trial arithmetic mean -> five-fold pooled mean per seed -> three-seed mean and sample SD,0;1;2;3;4,17;42;97,89cb5b7982f2f1ff02d100cfbdda0c1fb8472cf9
w/o Adaptive Electrode Graph,LagPCC,0.1526651504421516,0.0134107417075951,outer_test,window -> subject-trial arithmetic mean -> five-fold pooled mean per seed -> three-seed mean and sample SD,0;1;2;3;4,17;42;97,89cb5b7982f2f1ff02d100cfbdda0c1fb8472cf9
w/o Adaptive Electrode Graph,BoundedLag_NCC,0.2423593545121136,0.0104921429696767,outer_test,window -> subject-trial arithmetic mean -> five-fold pooled mean per seed -> three-seed mean and sample SD,0;1;2;3;4,17;42;97,89cb5b7982f2f1ff02d100cfbdda0c1fb8472cf9
w/o Adaptive Electrode Graph,Unbiased_Distance_Correlation,0.3632772901854482,0.0099055768933384,outer_test,window -> subject-trial arithmetic mean -> five-fold pooled mean per seed -> three-seed mean and sample SD,0;1;2;3;4,17;42;97,89cb5b7982f2f1ff02d100cfbdda0c1fb8472cf9
w/o Adaptive Electrode Graph,FisherZ_PCC,0.34342875871122,0.0226129938344966,outer_test,window -> subject-trial arithmetic mean -> five-fold pooled mean per seed -> three-seed mean and sample SD,0;1;2;3;4,17;42;97,89cb5b7982f2f1ff02d100cfbdda0c1fb8472cf9
"w/o TIF, Mean Pooling",MinMaxNormalized_CCC,0.1373205942008175,0.0059283911738836,outer_test,window -> subject-trial arithmetic mean -> five-fold pooled mean per seed -> three-seed mean and sample SD,0;1;2;3;4,17;42;97,89cb5b7982f2f1ff02d100cfbdda0c1fb8472cf9
"w/o TIF, Mean Pooling",LagSRCC,0.1456372413378574,0.0066647646378124,outer_test,window -> subject-trial arithmetic mean -> five-fold pooled mean per seed -> three-seed mean and sample SD,0;1;2;3;4,17;42;97,89cb5b7982f2f1ff02d100cfbdda0c1fb8472cf9
"w/o TIF, Mean Pooling",LagPCC,0.1595347661734901,0.0065974753188331,outer_test,window -> subject-trial arithmetic mean -> five-fold pooled mean per seed -> three-seed mean and sample SD,0;1;2;3;4,17;42;97,89cb5b7982f2f1ff02d100cfbdda0c1fb8472cf9
"w/o TIF, Mean Pooling",BoundedLag_NCC,0.2479175759560379,0.0055956071337384,outer_test,window -> subject-trial arithmetic mean -> five-fold pooled mean per seed -> three-seed mean and sample SD,0;1;2;3;4,17;42;97,89cb5b7982f2f1ff02d100cfbdda0c1fb8472cf9
"w/o TIF, Mean Pooling",Unbiased_Distance_Correlation,0.3622201305238586,0.0054114324573773,outer_test,window -> subject-trial arithmetic mean -> five-fold pooled mean per seed -> three-seed mean and sample SD,0;1;2;3;4,17;42;97,89cb5b7982f2f1ff02d100cfbdda0c1fb8472cf9
"w/o TIF, Mean Pooling",FisherZ_PCC,0.3481759033120579,0.0111876415833357,outer_test,window -> subject-trial arithmetic mean -> five-fold pooled mean per seed -> three-seed mean and sample SD,0;1;2;3;4,17;42;97,89cb5b7982f2f1ff02d100cfbdda0c1fb8472cf9
